Condition,SOA,Repetitions,Count,Relative
0,-150,32,32,1.0
0,-100,32,31,0.96875
0,-50,32,27,0.84375
0,0,32,11,0.34375
0,50,32,4,0.125
0,100,32,1,0.03125
0,150,32,0,0.0
