Condition,SOA,Repetitions,Count,Relative
0,-150,32,32,1.0
0,-100,32,32,1.0
0,-50,32,27,0.84375
0,0,32,16,0.5
0,50,32,3,0.09375
0,100,32,1,0.03125
0,150,32,1,0.03125
